EngineRPM,VehicleSpeed,ThrottlePos,BrakePos,EngineTemp
850,0.0,0.0,12.0,72
920,0.0,3.2,8.0,72
1050,1.5,8.4,0.0,72
1180,3.2,12.0,0.0,73
1320,5.1,15.6,0.0,73
1450,7.0,18.4,0.0,74
1580,9.2,21.2,0.0,74
1720,11.5,24.0,0.0,75
1860,13.8,26.8,0.0,75
2010,16.2,29.6,0.0,76
2160,18.7,32.4,0.0,76
2320,21.1,35.2,0.0,77
2480,23.6,38.0,0.0,77
2640,26.0,40.8,0.0,78
2810,28.4,43.6,0.0,78
2970,30.8,46.4,0.0,79
3140,33.1,49.2,0.0,79
3300,35.4,52.0,0.0,80
3470,37.7,54.8,0.0,80
3640,40.0,57.6,0.0,81
3800,42.2,60.4,0.0,81
3960,44.4,63.2,0.0,82
4120,46.5,66.0,0.0,82
4280,48.6,68.8,0.0,83
4440,50.7,71.6,0.0,83
4590,52.8,74.4,0.0,84
4740,54.8,77.2,0.0,84
4890,56.8,80.0,0.0,85
5030,58.8,82.8,0.0,85
5170,60.7,85.6,0.0,86
5290,62.6,88.4,0.0,86
5410,64.5,91.2,0.0,87
5520,66.3,94.0,0.0,87
5620,68.0,96.0,0.0,88
5700,69.6,98.0,0.0,88
5650,70.5,91.2,0.0,88
5580,71.2,84.0,0.0,89
5490,71.8,76.4,0.0,89
5380,72.3,69.2,0.0,90
5260,72.7,62.0,0.0,90
5120,73.0,54.8,0.0,91
4980,73.2,48.0,0.0,91
4830,73.3,42.0,0.0,92
4670,73.2,36.0,0.0,92
4510,73.0,31.2,0.0,92
4350,72.7,26.8,0.0,93
4190,72.3,22.4,0.0,93
4030,71.8,18.4,0.0,93
3870,71.2,15.2,0.0,94
3710,70.5,12.0,0.0,94
3560,69.7,9.6,0.0,94
3410,68.8,7.6,0.0,95
3260,67.8,6.0,0.0,95
3110,66.7,4.8,0.0,95
2960,65.5,3.6,0.0,96
2820,64.2,2.8,0.0,96
2680,62.8,2.0,0.0,96
2550,61.3,1.2,4.0,97
2420,59.7,0.0,8.0,97
2300,58.0,0.0,12.0,97
2180,56.2,0.0,16.0,98
2070,54.3,0.0,20.0,98
1960,52.4,0.0,24.0,98
1850,50.4,0.0,28.0,99
1740,48.3,0.0,32.0,99
1640,46.1,0.0,36.0,99
1540,43.9,0.0,40.0,100
1450,41.6,0.0,44.0,100
1360,39.2,0.0,48.0,100
1280,36.8,0.0,52.0,100
1200,34.3,0.0,56.0,101
1130,31.7,0.0,60.0,101
1060,29.1,0.0,64.0,101
990,26.4,0.0,68.0,101
930,23.7,0.0,72.0,101
880,20.9,0.0,76.0,101
830,18.0,0.0,80.0,101
790,15.1,0.0,84.0,101
760,12.2,0.0,88.0,101
740,9.2,0.0,92.0,101
720,6.2,0.0,88.0,101
710,3.1,0.0,72.0,101
700,1.0,0.0,48.0,101
690,0.0,0.0,28.0,101
720,0.0,4.0,16.0,101
780,0.0,6.8,8.0,101
860,0.8,10.0,0.0,101
970,2.4,14.0,0.0,101
1090,4.2,18.0,0.0,101
1220,6.3,22.0,0.0,101
1370,8.6,26.0,0.0,101
1520,11.0,30.0,0.0,101
1680,13.6,34.0,0.0,101
1840,16.3,38.0,0.0,101
2010,19.1,42.0,0.0,101
2180,22.0,46.0,0.0,101
2350,24.9,50.0,0.0,101
2520,27.8,54.0,0.0,101
2690,30.7,58.0,0.0,101
2860,33.6,62.0,0.0,101
3030,36.5,66.0,0.0,101
3200,39.4,70.0,0.0,101
3370,42.3,74.0,0.0,101
3540,45.2,78.0,0.0,101
3710,48.1,82.0,0.0,101
3880,51.0,86.0,0.0,101
4050,53.9,90.0,0.0,101
4220,56.8,94.0,0.0,101
4390,59.7,98.0,0.0,101
4560,62.5,100.0,0.0,101
4720,65.2,96.0,0.0,101
4870,67.8,92.0,0.0,101
5010,70.3,88.0,0.0,101
5140,72.7,84.0,0.0,101
5260,75.0,80.0,0.0,101
5370,77.2,76.0,0.0,101
5470,79.3,72.0,0.0,101
5560,81.3,68.0,0.0,101
5640,83.2,64.0,0.0,101
5710,85.0,60.0,0.0,101
5770,86.7,56.0,0.0,101
5820,88.3,52.0,0.0,101
5860,89.8,48.0,0.0,101
5890,91.2,44.0,0.0,101
5910,92.5,40.0,0.0,101
5920,93.7,36.0,0.0,101
5910,94.8,32.0,0.0,101
5890,95.8,28.0,0.0,101
5860,96.7,24.0,0.0,101
5820,97.5,20.0,0.0,101
5770,98.2,16.0,0.0,101
5710,98.8,12.0,0.0,101
5640,99.3,8.0,0.0,101
5560,99.7,4.0,0.0,101
5480,100.0,0.0,0.0,101
5400,99.8,0.0,4.0,101
5310,99.3,0.0,8.0,101
5210,98.6,0.0,12.0,101
5100,97.7,0.0,16.0,101
4980,96.6,0.0,20.0,101
4860,95.4,0.0,24.0,101
4730,94.0,0.0,28.0,101
4600,92.5,0.0,32.0,101
4470,90.8,0.0,36.0,101
4330,89.0,0.0,40.0,101
4190,87.0,0.0,44.0,101
4050,84.9,0.0,48.0,101
3910,82.7,0.0,52.0,101
3770,80.4,0.0,56.0,101
3630,77.9,0.0,60.0,101
3490,75.3,0.0,64.0,101
3350,72.6,0.0,68.0,101
3210,69.8,0.0,72.0,101
3070,66.9,0.0,76.0,101
2930,63.9,0.0,80.0,101
2790,60.8,0.0,84.0,101
2650,57.6,0.0,88.0,101
2510,54.3,0.0,92.0,101
2370,50.9,0.0,96.0,101
2230,47.4,0.0,100.0,101
2090,43.8,0.0,96.0,101
1960,40.1,0.0,92.0,101
1830,36.3,0.0,88.0,101
1710,32.4,0.0,84.0,101
1590,28.4,0.0,80.0,101
1480,24.3,0.0,76.0,101
1380,20.1,0.0,72.0,101
1290,15.8,0.0,0.0,101
1210,11.4,0.0,0.0,101
1140,7.0,0.0,0.0,101
1080,2.5,0.0,0.0,101
1030,0.0,0.0,20.0,101
990,0.0,0.0,40.0,101
960,0.0,0.0,60.0,101
930,0.0,0.0,80.0,101
900,0.0,0.0,100.0,101
880,0.0,0.0,80.0,101
870,0.0,0.0,60.0,101
860,0.0,0.0,40.0,101
850,0.0,0.0,20.0,101
840,0.0,0.0,8.0,101
850,0.0,2.0,0.0,101
900,0.5,5.0,0.0,101
980,1.5,9.0,0.0,101
1090,3.0,13.0,0.0,101
1210,4.8,17.0,0.0,101
1340,6.9,21.0,0.0,101
1480,9.2,25.0,0.0,101
1630,11.7,29.0,0.0,101
1790,14.3,33.0,0.0,101
1950,17.1,37.0,0.0,101
2120,20.0,41.0,0.0,101
2290,23.0,45.0,0.0,101
2460,26.0,49.0,0.0,101
2630,29.0,53.0,0.0,101
2800,32.0,57.0,0.0,101
2970,35.0,61.0,0.0,101
3140,38.0,65.0,0.0,101
3310,41.0,69.0,0.0,101
3480,44.0,73.0,0.0,101
3650,47.0,77.0,0.0,101
3820,50.0,81.0,0.0,101
3990,53.0,85.0,0.0,101
4160,56.0,89.0,0.0,101
4330,59.0,93.0,0.0,101
4500,62.0,97.0,0.0,101
4670,65.0,100.0,0.0,101
4840,68.0,98.0,0.0,101
5010,71.0,96.0,0.0,101
5180,74.0,94.0,0.0,101
5350,77.0,92.0,0.0,101
5520,80.0,90.0,0.0,101
5690,83.0,88.0,0.0,101
5860,86.0,86.0,0.0,101
6030,89.0,84.0,0.0,101
6200,92.0,82.0,0.0,101
6370,95.0,80.0,0.0,101
6540,98.0,78.0,0.0,101
6710,101.0,76.0,0.0,101
6880,104.0,74.0,0.0,101
7050,107.0,72.0,0.0,101
7220,110.0,70.0,0.0,101
7390,113.0,68.0,0.0,101
7560,116.0,66.0,0.0,101
7730,119.0,64.0,0.0,101
7900,122.0,62.0,0.0,101
8070,125.0,60.0,0.0,101
8240,128.0,58.0,0.0,101
8410,131.0,56.0,0.0,101
8580,134.0,54.0,0.0,101
8750,137.0,52.0,0.0,101
8920,140.0,50.0,0.0,101
9090,143.0,48.0,0.0,101
9260,146.0,46.0,0.0,101
9430,149.0,44.0,0.0,101
9600,152.0,42.0,0.0,101
9770,155.0,40.0,0.0,101
9940,158.0,38.0,0.0,101
10110,161.0,36.0,0.0,101
10280,164.0,34.0,0.0,101
10450,167.0,32.0,0.0,101
10620,170.0,30.0,0.0,101
10790,173.0,28.0,0.0,101
10960,176.0,26.0,0.0,101
11130,179.0,24.0,0.0,101
11300,182.0,22.0,0.0,101
11470,185.0,20.0,0.0,101
11640,188.0,18.0,0.0,101
11810,191.0,16.0,0.0,101
11980,194.0,14.0,0.0,101
12150,197.0,12.0,0.0,101
12320,200.0,10.0,0.0,101
12490,203.0,8.0,0.0,101
12660,206.0,6.0,0.0,101
12830,209.0,4.0,0.0,101
13000,212.0,2.0,0.0,101
13170,215.0,0.0,0.0,101
13340,218.0,0.0,0.0,101
13510,221.0,0.0,0.0,101
13680,224.0,0.0,0.0,101
13850,227.0,0.0,0.0,101
14020,230.0,0.0,0.0,101
14190,233.0,0.0,0.0,101
14360,236.0,0.0,0.0,101
14530,239.0,0.0,0.0,101
14700,242.0,0.0,0.0,101
14870,245.0,0.0,0.0,101
15040,248.0,0.0,0.0,101
15150,250.0,0.0,0.0,101
15000,249.0,0.0,4.0,101
14800,247.0,0.0,8.0,101
14600,245.0,0.0,12.0,101
14400,243.0,0.0,16.0,101
14200,241.0,0.0,20.0,101
14000,239.0,0.0,24.0,101
13800,237.0,0.0,28.0,101
13600,235.0,0.0,32.0,101
13400,233.0,0.0,36.0,101
13200,231.0,0.0,40.0,101
13000,229.0,0.0,44.0,101
12800,227.0,0.0,48.0,101
12600,225.0,0.0,52.0,101
12400,223.0,0.0,56.0,101
12200,221.0,0.0,60.0,101
12000,219.0,0.0,64.0,101
11800,217.0,0.0,68.0,101
11600,215.0,0.0,72.0,101
11400,213.0,0.0,76.0,101
11200,211.0,0.0,80.0,101
11000,209.0,0.0,84.0,101
10800,207.0,0.0,88.0,101
10600,205.0,0.0,92.0,101
10400,203.0,0.0,96.0,101
10200,201.0,0.0,100.0,101
10000,198.0,0.0,96.0,101
9800,195.0,0.0,92.0,101
9600,192.0,0.0,88.0,101
9400,189.0,0.0,84.0,101
9200,186.0,0.0,80.0,101
9000,183.0,0.0,76.0,101
8800,180.0,0.0,72.0,101
8600,177.0,0.0,68.0,101
8400,174.0,0.0,64.0,101
8200,171.0,0.0,60.0,101
8000,168.0,0.0,56.0,101
7800,165.0,0.0,52.0,101
7600,162.0,0.0,48.0,101
7400,159.0,0.0,44.0,101
7200,156.0,0.0,40.0,101
7000,153.0,0.0,36.0,101
6800,150.0,0.0,32.0,101
6600,147.0,0.0,28.0,101
6400,144.0,0.0,24.0,101
6200,141.0,0.0,20.0,101
6000,138.0,0.0,16.0,101
5800,135.0,0.0,12.0,101
5600,132.0,0.0,8.0,101
5400,129.0,0.0,4.0,101
5200,126.0,4.0,0.0,101
5000,123.0,8.0,0.0,101
4800,120.0,12.0,0.0,101
4600,117.0,16.0,0.0,101
4400,114.0,20.0,0.0,101
4200,111.0,24.0,0.0,101
4000,108.0,28.0,0.0,101
3800,105.0,32.0,0.0,101
3600,102.0,36.0,0.0,101
3400,99.0,40.0,0.0,101
3200,96.0,44.0,0.0,101
3000,93.0,48.0,0.0,101
2800,90.0,52.0,0.0,101
2600,87.0,56.0,0.0,101
2400,84.0,60.0,0.0,101
2200,81.0,64.0,0.0,101
2000,78.0,68.0,0.0,101
1800,75.0,72.0,0.0,101
1600,72.0,76.0,0.0,101
1400,69.0,80.0,0.0,101
1200,66.0,84.0,0.0,101
1100,63.0,88.0,0.0,101
1050,60.0,92.0,0.0,101
1000,57.0,96.0,0.0,101
950,54.0,100.0,0.0,101
900,51.0,96.0,0.0,101
880,48.0,90.0,0.0,101
860,45.0,84.0,0.0,101
850,42.0,78.0,0.0,101
840,39.0,72.0,0.0,101
830,36.0,66.0,0.0,101
820,33.0,60.0,0.0,101
810,30.0,54.0,0.0,101
800,27.0,48.0,0.0,101
790,24.0,42.0,0.0,101
780,21.0,36.0,0.0,101
770,18.0,30.0,0.0,101
760,15.0,24.0,0.0,101
750,12.0,18.0,0.0,101
740,9.0,12.0,0.0,101
730,6.0,6.0,0.0,101
720,3.0,2.0,0.0,101
710,0.0,0.0,8.0,101
720,0.0,0.0,16.0,101
730,0.0,0.0,24.0,101
740,0.0,0.0,32.0,101
750,0.0,0.0,40.0,101
760,0.0,0.0,48.0,101
770,0.0,0.0,56.0,101
780,0.0,0.0,64.0,101
790,0.0,0.0,72.0,101
800,0.0,0.0,80.0,101
810,0.0,0.0,88.0,101
820,0.0,0.0,96.0,101
830,0.0,0.0,100.0,101
840,0.0,0.0,92.0,101
850,0.0,0.0,84.0,101
860,0.0,0.0,76.0,101
870,0.0,0.0,68.0,101
880,0.0,0.0,60.0,101
890,0.0,0.0,52.0,101
900,0.0,0.0,44.0,101
910,0.0,0.0,36.0,101
920,0.0,0.0,28.0,101
930,0.0,0.0,20.0,101
940,0.0,0.0,12.0,101
950,0.0,0.0,4.0,101
960,0.0,0.0,0.0,101
970,0.0,2.0,0.0,101
990,0.4,5.0,0.0,101
1020,1.0,8.0,0.0,101
1060,1.8,11.0,0.0,101
1110,2.8,14.0,0.0,101
1170,4.0,17.0,0.0,101
1240,5.4,20.0,0.0,101
1320,7.0,23.0,0.0,101
1410,8.8,26.0,0.0,101
1510,10.8,29.0,0.0,101
1620,13.0,32.0,0.0,101
1740,15.4,35.0,0.0,101
1870,18.0,38.0,0.0,101
2010,20.8,41.0,0.0,101
2160,23.8,44.0,0.0,101
2320,27.0,47.0,0.0,101
2490,30.4,50.0,0.0,101
2670,34.0,53.0,0.0,101
2860,37.8,56.0,0.0,101
3060,41.8,59.0,0.0,101
3270,46.0,62.0,0.0,101
3490,50.4,65.0,0.0,101
3720,55.0,68.0,0.0,101
3960,59.8,71.0,0.0,101
4210,64.8,74.0,0.0,101
4470,70.0,77.0,0.0,101
4740,75.4,80.0,0.0,101
5020,81.0,83.0,0.0,101
5310,86.8,86.0,0.0,101
5610,92.8,89.0,0.0,101
5920,99.0,92.0,0.0,101
6240,105.4,95.0,0.0,101
6570,112.0,98.0,0.0,101
6910,118.8,100.0,0.0,101
7260,125.8,98.0,0.0,101
7620,133.0,96.0,0.0,101
7990,140.4,94.0,0.0,101
8370,148.0,92.0,0.0,101
8760,155.8,90.0,0.0,101
9160,163.8,88.0,0.0,101
9570,172.0,86.0,0.0,101
9990,180.4,84.0,0.0,101
10420,189.0,82.0,0.0,101
10860,197.8,80.0,0.0,101
11310,206.8,78.0,0.0,101
11770,216.0,76.0,0.0,101
12240,225.4,74.0,0.0,101
12720,235.0,72.0,0.0,101
13200,244.6,70.0,0.0,101
13450,250.0,68.0,0.0,101
13200,248.0,0.0,8.0,101
12900,245.0,0.0,16.0,101
12600,242.0,0.0,24.0,101
12300,239.0,0.0,32.0,101
12000,236.0,0.0,40.0,101
11700,233.0,0.0,48.0,101
11400,230.0,0.0,56.0,101
11100,227.0,0.0,64.0,101
10800,224.0,0.0,72.0,101
10500,221.0,0.0,80.0,101
10200,218.0,0.0,88.0,101
9900,215.0,0.0,96.0,101
9600,212.0,0.0,100.0,101
9300,209.0,0.0,92.0,101
9000,206.0,0.0,84.0,101
8700,203.0,0.0,76.0,101
8400,200.0,0.0,68.0,101
8100,197.0,0.0,60.0,101
7800,194.0,0.0,52.0,101
7500,191.0,0.0,44.0,101
7200,188.0,0.0,36.0,101
6900,185.0,0.0,28.0,101
6600,182.0,0.0,20.0,101
6300,179.0,0.0,12.0,101
6000,176.0,0.0,4.0,101
5700,173.0,4.0,0.0,101
5400,170.0,8.0,0.0,101
5100,167.0,12.0,0.0,101
4800,164.0,16.0,0.0,101
4500,161.0,20.0,0.0,101
4200,158.0,24.0,0.0,101
3900,155.0,28.0,0.0,101
3600,152.0,32.0,0.0,101
3300,149.0,36.0,0.0,101
3000,146.0,40.0,0.0,101
2700,143.0,44.0,0.0,101
2400,140.0,48.0,0.0,101
2100,137.0,52.0,0.0,101
1800,134.0,56.0,0.0,101
1500,131.0,60.0,0.0,101
1200,128.0,64.0,0.0,101
1100,125.0,68.0,0.0,101
1050,122.0,72.0,0.0,101
1000,119.0,76.0,0.0,101
950,116.0,80.0,0.0,101
900,113.0,84.0,0.0,101
850,110.0,88.0,0.0,101
800,107.0,92.0,0.0,101
750,104.0,96.0,0.0,101
700,101.0,100.0,0.0,101
750,98.0,90.0,0.0,101
800,95.0,80.0,0.0,101
850,92.0,70.0,0.0,101
900,89.0,60.0,0.0,101
950,86.0,50.0,0.0,101
1000,83.0,40.0,0.0,101
1050,80.0,30.0,0.0,101
1100,77.0,20.0,0.0,101
1150,74.0,10.0,0.0,101
1200,71.0,5.0,0.0,101
1180,68.0,0.0,4.0,101
1160,65.0,0.0,8.0,101
1140,62.0,0.0,12.0,101
1120,59.0,0.0,16.0,101
1100,56.0,0.0,20.0,101
1080,53.0,0.0,24.0,101
1060,50.0,0.0,28.0,101
1040,47.0,0.0,32.0,101
1020,44.0,0.0,36.0,101
1000,41.0,0.0,40.0,101
980,38.0,0.0,44.0,101
960,35.0,0.0,48.0,101
940,32.0,0.0,52.0,101
920,29.0,0.0,56.0,101
900,26.0,0.0,60.0,101
880,23.0,0.0,64.0,101
860,20.0,0.0,68.0,101
840,17.0,0.0,72.0,101
820,14.0,0.0,76.0,101
800,11.0,0.0,80.0,101
780,8.0,0.0,84.0,101
760,5.0,0.0,88.0,101
740,2.0,0.0,92.0,101
720,0.0,0.0,100.0,101
710,0.0,0.0,80.0,101
700,0.0,0.0,60.0,101
690,0.0,0.0,40.0,101
680,0.0,0.0,20.0,101
690,0.0,0.0,8.0,101
700,0.0,2.0,0.0,101
730,0.5,5.0,0.0,101
770,1.2,8.0,0.0,101
820,2.1,11.0,0.0,101
880,3.2,14.0,0.0,101
950,4.5,17.0,0.0,101
1030,6.0,20.0,0.0,101
1120,7.7,23.0,0.0,101
1220,9.6,26.0,0.0,101
1330,11.7,29.0,0.0,101
1450,14.0,32.0,0.0,101
1580,16.5,35.0,0.0,101
1720,19.2,38.0,0.0,101
1870,22.1,41.0,0.0,101
2030,25.2,44.0,0.0,101
2200,28.5,47.0,0.0,101
2380,32.0,50.0,0.0,101
2570,35.7,53.0,0.0,101
2770,39.6,56.0,0.0,101
2980,43.7,59.0,0.0,101
3200,48.0,62.0,0.0,101
3430,52.5,65.0,0.0,101
3670,57.2,68.0,0.0,101
3920,62.1,71.0,0.0,101
4180,67.2,74.0,0.0,101
4450,72.5,77.0,0.0,101
4730,78.0,80.0,0.0,101
5020,83.7,83.0,0.0,101
5320,89.6,86.0,0.0,101
5630,95.7,89.0,0.0,101
5950,102.0,92.0,0.0,101
6280,108.5,95.0,0.0,101
6620,115.2,98.0,0.0,101
6970,122.1,100.0,0.0,101
7330,129.2,98.0,0.0,101
7700,136.5,96.0,0.0,101
8080,144.0,94.0,0.0,101
8470,151.7,92.0,0.0,101
8870,159.6,90.0,0.0,101
9280,167.7,88.0,0.0,101
9700,176.0,86.0,0.0,101
10130,184.5,84.0,0.0,101
10570,193.2,82.0,0.0,101
11020,202.1,80.0,0.0,101
11480,211.2,78.0,0.0,101
11950,220.5,76.0,0.0,101
12430,230.0,74.0,0.0,101
12910,239.7,72.0,0.0,101
13390,249.5,70.0,0.0,101
13450,250.0,68.0,0.0,101
13200,248.0,0.0,10.0,101
12950,246.0,0.0,20.0,101
12700,244.0,0.0,30.0,101
12450,242.0,0.0,40.0,101
12200,240.0,0.0,50.0,101
11950,238.0,0.0,60.0,101
11700,236.0,0.0,70.0,101
11450,234.0,0.0,80.0,101
11200,232.0,0.0,90.0,101
10950,230.0,0.0,100.0,101
10700,228.0,0.0,90.0,101
10450,226.0,0.0,80.0,101
10200,224.0,0.0,70.0,101
9950,222.0,0.0,60.0,101
9700,220.0,0.0,50.0,101
9450,218.0,0.0,40.0,101
9200,216.0,0.0,30.0,101
8950,214.0,0.0,20.0,101
8700,212.0,0.0,10.0,101
8450,210.0,2.0,0.0,101
8200,208.0,6.0,0.0,101
7950,206.0,10.0,0.0,101
7700,204.0,14.0,0.0,101
7450,202.0,18.0,0.0,101
7200,200.0,22.0,0.0,101
6950,198.0,26.0,0.0,101
6700,196.0,30.0,0.0,101
6450,194.0,34.0,0.0,101
6200,192.0,38.0,0.0,101
5950,190.0,42.0,0.0,101
5700,188.0,46.0,0.0,101
5450,186.0,50.0,0.0,101
5200,184.0,54.0,0.0,101
4950,182.0,58.0,0.0,101
4700,180.0,62.0,0.0,101
4450,178.0,66.0,0.0,101
4200,176.0,70.0,0.0,101
3950,174.0,74.0,0.0,101
3700,172.0,78.0,0.0,101
3450,170.0,82.0,0.0,101
3200,168.0,86.0,0.0,101
2950,166.0,90.0,0.0,101
2700,164.0,94.0,0.0,101
2450,162.0,98.0,0.0,101
2200,160.0,100.0,0.0,101
1950,158.0,90.0,0.0,101
1700,156.0,80.0,0.0,101
1450,154.0,70.0,0.0,101
1200,152.0,60.0,0.0,101
1100,150.0,50.0,0.0,101
1050,148.0,40.0,0.0,101
1000,146.0,30.0,0.0,101
950,144.0,20.0,0.0,101
900,142.0,10.0,0.0,101
850,140.0,0.0,0.0,101
830,138.0,0.0,5.0,101
810,136.0,0.0,10.0,101
790,134.0,0.0,15.0,101
770,132.0,0.0,20.0,101
750,130.0,0.0,25.0,101
730,128.0,0.0,30.0,101
710,126.0,0.0,35.0,101
700,124.0,0.0,40.0,101
690,122.0,0.0,45.0,101
680,120.0,0.0,50.0,101
670,118.0,0.0,55.0,101
660,116.0,0.0,60.0,101
650,114.0,0.0,65.0,101
640,112.0,0.0,70.0,101
630,110.0,0.0,75.0,101
620,108.0,0.0,80.0,101
610,106.0,0.0,85.0,101
600,104.0,0.0,90.0,101
590,102.0,0.0,95.0,101
580,100.0,0.0,100.0,101
570,98.0,0.0,90.0,101
560,96.0,0.0,80.0,101
550,94.0,0.0,70.0,101
540,92.0,0.0,60.0,101
530,90.0,0.0,50.0,101
520,88.0,0.0,40.0,101
510,86.0,0.0,30.0,101
500,84.0,0.0,20.0,101
490,82.0,0.0,10.0,101
480,80.0,2.0,0.0,101
470,78.0,4.0,0.0,101
460,76.0,6.0,0.0,101
450,74.0,8.0,0.0,101
440,72.0,10.0,0.0,101
430,70.0,12.0,0.0,101
420,68.0,14.0,0.0,101
410,66.0,16.0,0.0,101
400,64.0,18.0,0.0,101
390,62.0,20.0,0.0,101
380,60.0,22.0,0.0,101
370,58.0,24.0,0.0,101
360,56.0,26.0,0.0,101
350,54.0,28.0,0.0,101
340,52.0,30.0,0.0,101
330,50.0,32.0,0.0,101
320,48.0,34.0,0.0,101
310,46.0,36.0,0.0,101
300,44.0,38.0,0.0,101
290,42.0,40.0,0.0,101
280,40.0,42.0,0.0,101
270,38.0,44.0,0.0,101
260,36.0,46.0,0.0,101
250,34.0,48.0,0.0,101
240,32.0,50.0,0.0,101
230,30.0,52.0,0.0,101
220,28.0,54.0,0.0,101
210,26.0,56.0,0.0,101
200,24.0,58.0,0.0,101
190,22.0,60.0,0.0,101
180,20.0,62.0,0.0,101
170,18.0,64.0,0.0,101
160,16.0,66.0,0.0,101
150,14.0,68.0,0.0,101
140,12.0,70.0,0.0,101
130,10.0,72.0,0.0,101
120,8.0,74.0,0.0,101
110,6.0,76.0,0.0,101
100,4.0,78.0,0.0,101
90,2.0,80.0,0.0,101
80,0.0,82.0,10.0,101
75,0.0,70.0,20.0,101
70,0.0,58.0,30.0,101
68,0.0,46.0,40.0,101
66,0.0,34.0,50.0,101
64,0.0,22.0,60.0,101
62,0.0,10.0,70.0,101
60,0.0,0.0,80.0,101
65,0.0,0.0,90.0,101
70,0.0,0.0,100.0,101
75,0.0,0.0,90.0,101
80,0.0,0.0,80.0,101
85,0.0,0.0,70.0,101
90,0.0,0.0,60.0,101
95,0.0,0.0,50.0,101
100,0.0,0.0,40.0,101
105,0.0,0.0,30.0,101
110,0.0,0.0,20.0,101
115,0.0,0.0,10.0,101
120,0.0,0.0,0.0,101
125,0.0,2.0,0.0,101
130,0.0,4.0,0.0,101
135,0.0,6.0,0.0,101
140,0.0,8.0,0.0,101
145,0.0,10.0,0.0,101
150,0.0,12.0,0.0,101
155,0.0,14.0,0.0,101
160,0.0,16.0,0.0,101
165,0.0,18.0,0.0,101
170,0.0,20.0,0.0,101
175,0.0,22.0,0.0,101
180,0.0,24.0,0.0,101
185,0.0,26.0,0.0,101
190,0.0,28.0,0.0,101
195,0.0,30.0,0.0,101
200,0.0,32.0,0.0,101
205,0.0,34.0,0.0,101
210,0.0,36.0,0.0,101
215,0.0,38.0,0.0,101
220,0.0,40.0,0.0,101
225,0.0,42.0,0.0,101
230,0.0,44.0,0.0,101
235,0.0,46.0,0.0,101
240,0.0,48.0,0.0,101
245,0.0,50.0,0.0,101
250,0.0,52.0,0.0,101
255,0.0,54.0,0.0,101
260,0.0,56.0,0.0,101
265,0.0,58.0,0.0,101
270,0.0,60.0,0.0,101
275,0.0,62.0,0.0,101
280,0.0,64.0,0.0,101
285,0.0,66.0,0.0,101
290,0.0,68.0,0.0,101
295,0.0,70.0,0.0,101
300,0.0,72.0,0.0,101
305,0.0,74.0,0.0,101
310,0.0,76.0,0.0,101
315,0.0,78.0,0.0,101
320,0.0,80.0,0.0,101
325,0.0,82.0,0.0,101
330,0.0,84.0,0.0,101
335,0.0,86.0,0.0,101
340,0.0,88.0,0.0,101
345,0.0,90.0,0.0,101
350,0.0,92.0,0.0,101
355,0.0,94.0,0.0,101
360,0.0,96.0,0.0,101
365,0.0,98.0,0.0,101
370,0.0,100.0,0.0,101
375,0.0,96.0,0.0,101
380,0.0,92.0,0.0,101
385,0.0,88.0,0.0,101
390,0.0,84.0,0.0,101
395,0.0,80.0,0.0,101
400,0.0,76.0,0.0,101
405,0.0,72.0,0.0,101
410,0.0,68.0,0.0,101
415,0.0,64.0,0.0,101
420,0.0,60.0,0.0,101
425,0.0,56.0,0.0,101
430,0.0,52.0,0.0,101
435,0.0,48.0,0.0,101
440,0.0,44.0,0.0,101
445,0.0,40.0,0.0,101
450,0.0,36.0,0.0,101
455,0.0,32.0,0.0,101
460,0.0,28.0,0.0,101
465,0.0,24.0,0.0,101
470,0.0,20.0,0.0,101
475,0.0,16.0,0.0,101
480,0.0,12.0,0.0,101
485,0.0,8.0,0.0,101
490,0.0,4.0,0.0,101
495,0.0,0.0,0.0,101
500,0.0,0.0,0.0,101
505,0.0,0.0,0.0,101
510,0.0,0.0,0.0,101
515,0.0,0.0,0.0,101
520,0.0,0.0,0.0,101
525,0.0,0.0,0.0,101
530,0.0,0.0,0.0,101
535,0.0,0.0,0.0,101
540,0.0,0.0,0.0,101
545,0.0,0.0,0.0,101
550,0.0,0.0,0.0,101
555,0.0,0.0,0.0,101
560,0.0,0.0,0.0,101
565,0.0,0.0,0.0,101
570,0.0,0.0,0.0,101
575,0.0,0.0,0.0,101
580,0.0,0.0,0.0,101
585,0.0,0.0,0.0,101
590,0.0,0.0,0.0,101
595,0.0,0.0,0.0,101
600,0.0,0.0,0.0,101
605,0.0,0.0,0.0,101
610,0.0,0.0,0.0,101
615,0.0,0.0,0.0,101
620,0.0,0.0,0.0,101
625,0.0,0.0,0.0,101
630,0.0,0.0,0.0,101
635,0.0,0.0,0.0,101
640,0.0,0.0,0.0,101
645,0.0,0.0,0.0,101
650,0.0,0.0,0.0,101
655,0.0,0.0,0.0,101
660,0.0,0.0,0.0,101
665,0.0,0.0,0.0,101
670,0.0,0.0,0.0,101
675,0.0,0.0,0.0,101
680,0.0,0.0,0.0,101
685,0.0,0.0,0.0,101
690,0.0,0.0,0.0,101
695,0.0,0.0,0.0,101
700,0.0,0.0,0.0,101
705,0.0,0.0,0.0,101
710,0.0,0.0,0.0,101
715,0.0,0.0,0.0,101
720,0.0,0.0,0.0,101
725,0.0,0.0,0.0,101
730,0.0,0.0,0.0,101
735,0.0,0.0,0.0,101
740,0.0,0.0,0.0,101
745,0.0,0.0,0.0,101
750,0.0,0.0,0.0,101
755,0.0,0.0,0.0,101
760,0.0,0.0,0.0,101
765,0.0,0.0,0.0,101
770,0.0,0.0,0.0,101
775,0.0,0.0,0.0,101
780,0.0,0.0,0.0,101
785,0.0,0.0,0.0,101
790,0.0,0.0,0.0,101
795,0.0,0.0,0.0,101
800,0.0,0.0,0.0,101
805,0.0,0.0,0.0,101
810,0.0,0.0,0.0,101
815,0.0,0.0,0.0,101
820,0.0,0.0,0.0,101
825,0.0,0.0,0.0,101
830,0.0,0.0,0.0,101
835,0.0,0.0,0.0,101
840,0.0,0.0,0.0,101
845,0.0,0.0,0.0,101
850,0.0,0.0,0.0,101
855,0.0,0.0,0.0,101
860,0.0,0.0,0.0,101
865,0.0,0.0,0.0,101
870,0.0,0.0,0.0,101
875,0.0,0.0,0.0,101
880,0.0,0.0,0.0,101
885,0.0,0.0,0.0,101
890,0.0,0.0,0.0,101
895,0.0,0.0,0.0,101
900,0.0,0.0,0.0,101
905,0.0,0.0,0.0,101
910,0.0,0.0,0.0,101
915,0.0,0.0,0.0,101
920,0.0,0.0,0.0,101
925,0.0,0.0,0.0,101
930,0.0,0.0,0.0,101
935,0.0,0.0,0.0,101
940,0.0,0.0,0.0,101
945,0.0,0.0,0.0,101
950,0.0,0.0,0.0,101
955,0.0,0.0,0.0,101
960,0.0,0.0,0.0,101
965,0.0,0.0,0.0,101
970,0.0,0.0,0.0,101
975,0.0,0.0,0.0,101
980,0.0,0.0,0.0,101
985,0.0,0.0,0.0,101
990,0.0,0.0,0.0,101
995,0.0,0.0,0.0,101
1000,0.0,0.0,0.0,101
1005,0.0,0.0,0.0,101
1010,0.0,0.0,0.0,101
1015,0.0,0.0,0.0,101
1020,0.0,0.0,0.0,101
1025,0.0,0.0,0.0,101
1030,0.0,0.0,0.0,101
1035,0.0,0.0,0.0,101
1040,0.0,0.0,0.0,101
1045,0.0,0.0,0.0,101
1050,0.0,0.0,0.0,101
1055,0.0,0.0,0.0,101
1060,0.0,0.0,0.0,101
1065,0.0,0.0,0.0,101
1070,0.0,0.0,0.0,101
1075,0.0,0.0,0.0,101
1080,0.0,0.0,0.0,101
1085,0.0,0.0,0.0,101
1090,0.0,0.0,0.0,101
1095,0.0,0.0,0.0,101
1100,0.0,0.0,0.0,101
1105,0.0,0.0,0.0,101
1110,0.0,0.0,0.0,101
1115,0.0,0.0,0.0,101
1120,0.0,0.0,0.0,101
1125,0.0,0.0,0.0,101
1130,0.0,0.0,0.0,101
1135,0.0,0.0,0.0,101
1140,0.0,0.0,0.0,101
1145,0.0,0.0,0.0,101
1150,0.0,0.0,0.0,101
1155,0.0,0.0,0.0,101
1160,0.0,0.0,0.0,101
1165,0.0,0.0,0.0,101
1170,0.0,0.0,0.0,101
1175,0.0,0.0,0.0,101
1180,0.0,0.0,0.0,101
1185,0.0,0.0,0.0,101
1190,0.0,0.0,0.0,101
1195,0.0,0.0,0.0,101
1200,0.0,0.0,0.0,101
1205,0.0,0.0,0.0,101
1210,0.0,0.0,0.0,101
1215,0.0,0.0,0.0,101
1220,0.0,0.0,0.0,101
1225,0.0,0.0,0.0,101
1230,0.0,0.0,0.0,101
1235,0.0,0.0,0.0,101
1240,0.0,0.0,0.0,101
1245,0.0,0.0,0.0,101
1250,0.0,0.0,0.0,101
1255,0.0,0.0,0.0,101
1260,0.0,0.0,0.0,101
1265,0.0,0.0,0.0,101
1270,0.0,0.0,0.0,101
1275,0.0,0.0,0.0,101
1280,0.0,0.0,0.0,101
1285,0.0,0.0,0.0,101
1290,0.0,0.0,0.0,101
1295,0.0,0.0,0.0,101
1300,0.0,0.0,0.0,101
1305,0.0,0.0,0.0,101
1310,0.0,0.0,0.0,101
1315,0.0,0.0,0.0,101
1320,0.0,0.0,0.0,101
1325,0.0,0.0,0.0,101
1330,0.0,0.0,0.0,101
1335,0.0,0.0,0.0,101
1340,0.0,0.0,0.0,101
1345,0.0,0.0,0.0,101
1350,0.0,0.0,0.0,101
1355,0.0,0.0,0.0,101
1360,0.0,0.0,0.0,101
1365,0.0,0.0,0.0,101
1370,0.0,0.0,0.0,101
1375,0.0,0.0,0.0,101
1380,0.0,0.0,0.0,101
1385,0.0,0.0,0.0,101
1390,0.0,0.0,0.0,101
1395,0.0,0.0,0.0,101
1400,0.0,0.0,0.0,101
1405,0.0,0.0,0.0,101
1410,0.0,0.0,0.0,101
1415,0.0,0.0,0.0,101
1420,0.0,0.0,0.0,101
1425,0.0,0.0,0.0,101
1430,0.0,0.0,0.0,101
1435,0.0,0.0,0.0,101
1440,0.0,0.0,0.0,101
1445,0.0,0.0,0.0,101
1450,0.0,0.0,0.0,101
1455,0.0,0.0,0.0,101
1460,0.0,0.0,0.0,101
1465,0.0,0.0,0.0,101
1470,0.0,0.0,0.0,101
1475,0.0,0.0,0.0,101
1480,0.0,0.0,0.0,101
1485,0.0,0.0,0.0,101
1490,0.0,0.0,0.0,101
1495,0.0,0.0,0.0,101
1500,0.0,0.0,0.0,101
1505,0.0,0.0,0.0,101
1510,0.0,0.0,0.0,101
1515,0.0,0.0,0.0,101
1520,0.0,0.0,0.0,101
1525,0.0,0.0,0.0,101
1530,0.0,0.0,0.0,101
1535,0.0,0.0,0.0,101
1540,0.0,0.0,0.0,101
1545,0.0,0.0,0.0,101
1550,0.0,0.0,0.0,101
1555,0.0,0.0,0.0,101
1560,0.0,0.0,0.0,101
1565,0.0,0.0,0.0,101
1570,0.0,0.0,0.0,101
1575,0.0,0.0,0.0,101
1580,0.0,0.0,0.0,101
1585,0.0,0.0,0.0,101
1590,0.0,0.0,0.0,101
1595,0.0,0.0,0.0,101
1600,0.0,0.0,0.0,101
1605,0.0,0.0,0.0,101
1610,0.0,0.0,0.0,101
1615,0.0,0.0,0.0,101
1620,0.0,0.0,0.0,101
1625,0.0,0.0,0.0,101
1630,0.0,0.0,0.0,101
1635,0.0,0.0,0.0,101
1640,0.0,0.0,0.0,101
1645,0.0,0.0,0.0,101
1650,0.0,0.0,0.0,101
1655,0.0,0.0,0.0,101
1660,0.0,0.0,0.0,101
1665,0.0,0.0,0.0,101
1670,0.0,0.0,0.0,101
1675,0.0,0.0,0.0,101
1680,0.0,0.0,0.0,101
1685,0.0,0.0,0.0,101
1690,0.0,0.0,0.0,101
1695,0.0,0.0,0.0,101
1700,0.0,0.0,0.0,101
1705,0.0,0.0,0.0,101
1710,0.0,0.0,0.0,101
1715,0.0,0.0,0.0,101
1720,0.0,0.0,0.0,101
1725,0.0,0.0,0.0,101
1730,0.0,0.0,0.0,101
1735,0.0,0.0,0.0,101
1740,0.0,0.0,0.0,101
1745,0.0,0.0,0.0,101
1750,0.0,0.0,0.0,101
1755,0.0,0.0,0.0,101
1760,0.0,0.0,0.0,101
1765,0.0,0.0,0.0,101
1770,0.0,0.0,0.0,101
1775,0.0,0.0,0.0,101
1780,0.0,0.0,0.0,101
1785,0.0,0.0,0.0,101
1790,0.0,0.0,0.0,101
1795,0.0,0.0,0.0,101
1800,0.0,0.0,0.0,101
1805,0.0,0.0,0.0,101
1810,0.0,0.0,0.0,101
1815,0.0,0.0,0.0,101
1820,0.0,0.0,0.0,101
1825,0.0,0.0,0.0,101
1830,0.0,0.0,0.0,101
1835,0.0,0.0,0.0,101
1840,0.0,0.0,0.0,101
1845,0.0,0.0,0.0,101
1850,0.0,0.0,0.0,101
1855,0.0,0.0,0.0,101
1860,0.0,0.0,0.0,101
1865,0.0,0.0,0.0,101
1870,0.0,0.0,0.0,101
1875,0.0,0.0,0.0,101
1880,0.0,0.0,0.0,101
1885,0.0,0.0,0.0,101
1890,0.0,0.0,0.0,101
1895,0.0,0.0,0.0,101
1900,0.0,0.0,0.0,101
1905,0.0,0.0,0.0,101
1910,0.0,0.0,0.0,101
1915,0.0,0.0,0.0,101
1920,0.0,0.0,0.0,101
1925,0.0,0.0,0.0,101
1930,0.0,0.0,0.0,101
1935,0.0,0.0,0.0,101
1940,0.0,0.0,0.0,101
1945,0.0,0.0,0.0,101
1950,0.0,0.0,0.0,101
1955,0.0,0.0,0.0,101
1960,0.0,0.0,0.0,101
1965,0.0,0.0,0.0,101
1970,0.0,0.0,0.0,101
1975,0.0,0.0,0.0,101
1980,0.0,0.0,0.0,101
1985,0.0,0.0,0.0,101
1990,0.0,0.0,0.0,101
1995,0.0,0.0,0.0,101
2000,0.0,0.0,0.0,101
2005,0.0,0.0,0.0,101
2010,0.0,0.0,0.0,101
2015,0.0,0.0,0.0,101
2020,0.0,0.0,0.0,101
2025,0.0,0.0,0.0,101
2030,0.0,0.0,0.0,101
2035,0.0,0.0,0.0,101
2040,0.0,0.0,0.0,101
2045,0.0,0.0,0.0,101
2050,0.0,0.0,0.0,101
2055,0.0,0.0,0.0,101
2060,0.0,0.0,0.0,101
2065,0.0,0.0,0.0,101
2070,0.0,0.0,0.0,101
2075,0.0,0.0,0.0,101
2080,0.0,0.0,0.0,101
2085,0.0,0.0,0.0,101
2090,0.0,0.0,0.0,101
2095,0.0,0.0,0.0,101
2100,0.0,0.0,0.0,101
2105,0.0,0.0,0.0,101
2110,0.0,0.0,0.0,101
2115,0.0,0.0,0.0,101
2120,0.0,0.0,0.0,101
2125,0.0,0.0,0.0,101
2130,0.0,0.0,0.0,101
2135,0.0,0.0,0.0,101
2140,0.0,0.0,0.0,101
2145,0.0,0.0,0.0,101
2150,0.0,0.0,0.0,101
2155,0.0,0.0,0.0,101
2160,0.0,0.0,0.0,101
2165,0.0,0.0,0.0,101
2170,0.0,0.0,0.0,101
2175,0.0,0.0,0.0,101
2180,0.0,0.0,0.0,101
2185,0.0,0.0,0.0,101
2190,0.0,0.0,0.0,101
2195,0.0,0.0,0.0,101
2200,0.0,0.0,0.0,101
2205,0.0,0.0,0.0,101
2210,0.0,0.0,0.0,101
2215,0.0,0.0,0.0,101
2220,0.0,0.0,0.0,101
2225,0.0,0.0,0.0,101
2230,0.0,0.0,0.0,101
2235,0.0,0.0,0.0,101
2240,0.0,0.0,0.0,101
2245,0.0,0.0,0.0,101
2250,0.0,0.0,0.0,101
2255,0.0,0.0,0.0,101
2260,0.0,0.0,0.0,101
2265,0.0,0.0,0.0,101
2270,0.0,0.0,0.0,101
2275,0.0,0.0,0.0,101
2280,0.0,0.0,0.0,101
2285,0.0,0.0,0.0,101
2290,0.0,0.0,0.0,101
2295,0.0,0.0,0.0,101
2300,0.0,0.0,0.0,101
2305,0.0,0.0,0.0,101
2310,0.0,0.0,0.0,101
2315,0.0,0.0,0.0,101
2320,0.0,0.0,0.0,101
2325,0.0,0.0,0.0,101
2330,0.0,0.0,0.0,101
2335,0.0,0.0,0.0,101
2340,0.0,0.0,0.0,101
2345,0.0,0.0,0.0,101
2350,0.0,0.0,0.0,101
2355,0.0,0.0,0.0,101
2360,0.0,0.0,0.0,101
2365,0.0,0.0,0.0,101
2370,0.0,0.0,0.0,101
2375,0.0,0.0,0.0,101
2380,0.0,0.0,0.0,101
2385,0.0,0.0,0.0,101
2390,0.0,0.0,0.0,101
2395,0.0,0.0,0.0,101
2400,0.0,0.0,0.0,101
2405,0.0,0.0,0.0,101
2410,0.0,0.0,0.0,101
2415,0.0,0.0,0.0,101
2420,0.0,0.0,0.0,101
2425,0.0,0.0,0.0,101
2430,0.0,0.0,0.0,101
2435,0.0,0.0,0.0,101
2440,0.0,0.0,0.0,101
2445,0.0,0.0,0.0,101
2450,0.0,0.0,0.0,101
2455,0.0,0.0,0.0,101
2460,0.0,0.0,0.0,101
2465,0.0,0.0,0.0,101
2470,0.0,0.0,0.0,101
2475,0.0,0.0,0.0,101
2480,0.0,0.0,0.0,101
2485,0.0,0.0,0.0,101
2490,0.0,0.0,0.0,101
2495,0.0,0.0,0.0,101
2500,0.0,0.0,0.0,101
